{"color":{"r":0.1647058823529412,"b":0.1647058823529412,"g":0.1647058823529412,"a":0.1},"index":0,"category":"Colors"}